Company,Job Title,Job Link,Location,Posting Date,Days Since Posted,Function,Seniority,Company_Group,Product_Focus,Product_Focus_Tokens,Primary_Skill,Extracted_Skills,Relevancy_to_Actian,Trend_Score,AI_Analyst_Overlap,First_Seen,Last_Seen,Description,product_area
Acceldata,Associate Product Support Engineer,https://jobs.lever.co/acceldata/28cc7f03-1b6b-49e7-8aaf-552f3405c7cc,Bengaluru,2026-04-15,19,Engineering,Entry,Other,Platform / Infra,"[""Platform / Infra""]",PRODUCT,"[""PRODUCT"", ""ENGINEERING""]",2.4,0.0,,2026-04-16,2026-05-04,,Data Observability
Acceldata,Enterprise Account Executive,https://jobs.lever.co/acceldata/9c1e2902-deb2-4577-8028-8bdf9adc1b48,United States,2026-04-28,6,Sales,Mid,Other,Go-to-Market,"[""Go-to-Market""]",,[],1.6,0.0,,2026-04-29,2026-05-04,"ABOUT US Acceldata is the market leader in Enterprise Data Observability. Founded in 2018 and backed by top investors including Insight Partners, March Capital, Lightspeed, Sorenson Ventures, Industry Ventures, and Emergent Ventures, we are a Series-C funded company headquartered in Silicon Valley. Our Enterprise Data Observability Platform—the first of its kind—helps enterprises build and operate world-class data products by ensuring data is reliable, trusted, and ready to power today’s most critical technologies, including AI, LLMs, Analytics, and DataOps. Delivered as a SaaS solution, Accel",Data Observability
Acceldata,Enterprise Account Executive - Great Lakes,https://jobs.lever.co/acceldata/9bdbe07c-582b-44bb-98f2-65885f410a6f,United States,2026-04-28,6,Sales,Mid,Other,Go-to-Market,"[""Go-to-Market""]",ETL,"[""ETL"", ""SQL"", ""PYTHON""]",4.9,0.0,,2026-04-29,2026-05-04,"ABOUT US Acceldata is the market leader in Enterprise Data Observability. Founded in 2018 and backed by top investors including Insight Partners, March Capital, Lightspeed, Sorenson Ventures, Industry Ventures, and Emergent Ventures, we are a Series-C funded company headquartered in Silicon Valley. Our Enterprise Data Observability Platform—the first of its kind—helps enterprises build and operate world-class data products by ensuring data is reliable, trusted, and ready to power today’s most critical technologies, including AI, LLMs, Analytics, and DataOps. Delivered as a SaaS solution, Accel",Data Observability
Acceldata,Hadoop Product Support Engineer,https://jobs.lever.co/acceldata/fcb0243b-d48a-481a-93b8-d5d86e27968c,Bengaluru,2026-04-15,19,Engineering,Mid,Other,Platform / Infra,"[""Platform / Infra""]",PRODUCT,"[""PRODUCT"", ""ENGINEERING""]",2.7,0.0,,2026-04-16,2026-05-04,,Data Observability
Acceldata,"Manager, Global Events and Field Marketing",https://jobs.lever.co/acceldata/226ec621-56fe-4c52-87fc-12731cb7c91d,California,2026-03-24,41,Marketing,Manager,Other,Go-to-Market,"[""Go-to-Market""]",MANAGEMENT,"[""MANAGEMENT""]",0.8,0.0,,2026-04-08,2026-05-04,,Data Observability
Acceldata,Motion Designer - Enterprise SaaS,https://jobs.lever.co/acceldata/e7c96afc-e0e3-4574-9bab-95f091d2b776,Bengaluru,2026-02-26,67,Design,Mid,Other,Product Management,"[""Product Management""]",,[],1.6,0.0,,2026-04-08,2026-05-04,,Data Observability
Acceldata,Office Manager & Executive Assistant,https://jobs.lever.co/acceldata/7f4468bc-1e9f-4a04-84a3-7279b120ae29,Kitchener,2026-04-17,17,Operations,Manager,Other,Corporate Functions,"[""Corporate Functions""]",MANAGEMENT,"[""MANAGEMENT""]",0.8,0.0,,2026-04-18,2026-05-04,,Data Observability
Acceldata,Principal Engineer - Open Source Data Platform (ODP),https://jobs.lever.co/acceldata/307e052c-a765-4b81-ba97-53f007e5d96b,Kitchener,2026-03-16,49,Engineering,Principal/Staff,Other,Developer Tools,"[""Developer Tools""]",ENGINEERING,"[""ENGINEERING"", ""DEVOPS""]",1.4,1.0,,2026-04-08,2026-05-04,,Data Observability
Acceldata,Principal Frontend Engineer,https://jobs.lever.co/acceldata/040901c5-dbe2-4858-a893-b10b394ea2ae,Bengaluru,2025-10-28,188,Engineering,Principal/Staff,Other,Platform / Infra,"[""Platform / Infra""]",ENGINEERING,"[""ENGINEERING""]",3.6,1.0,,2026-04-08,2026-05-04,,Data Observability
Acceldata,Product Specialist,https://jobs.lever.co/acceldata/eb9b9c49-11de-425f-9576-05d81443b869,Bengaluru,2025-10-24,192,Operations,Mid,Other,Corporate Functions,"[""Corporate Functions""]",PRODUCT,"[""PRODUCT""]",1.6,0.0,,2026-04-08,2026-05-04,,Data Observability
Acceldata,Product Support Engineer (Hadoop),https://jobs.lever.co/acceldata/1f2eb6ad-cfb6-410f-bb50-8348e8240f98,"Campbell, CA",2026-04-20,14,Engineering,Mid,Other,Platform / Infra,"[""Platform / Infra""]",PRODUCT,"[""PRODUCT"", ""ENGINEERING""]",1.6,0.0,,2026-04-20,2026-05-04,,Data Observability
Acceldata,Senior Product Operations Manager,https://jobs.lever.co/acceldata/8cd99e11-43df-48ab-bc7f-4371ee896259,Bengaluru,2025-11-03,182,Operations,Senior,Other,Corporate Functions,"[""Corporate Functions""]",PRODUCT,"[""PRODUCT"", ""MANAGEMENT""]",1.9,1.0,,2026-04-08,2026-05-04,,Data Observability
Acceldata,Senior Software Engineer - Open Data Platform (ODP),https://jobs.lever.co/acceldata/d2f5cb2d-fb99-46a8-9694-d66400b516bf,Bengaluru,2026-03-30,35,Engineering,Senior,Other,Platform / Infra,"[""Platform / Infra""]",ENGINEERING,"[""ENGINEERING"", ""DEVOPS"", ""PYTHON"", ""SQL""]",4.7,1.0,,2026-04-08,2026-05-04,,Data Observability
Acceldata,"Senior Software Engineer - Open Data Platform (ODP) | Kitchener, Canada",https://jobs.lever.co/acceldata/e33dd25d-2943-48f3-a01e-be2b03245be9,Kitchener,2025-10-24,192,Engineering,Senior,Other,Platform / Infra,"[""Platform / Infra""]",ENGINEERING,"[""ENGINEERING"", ""DEVOPS"", ""PYTHON"", ""SQL""]",3.6,1.0,,2026-04-08,2026-05-04,,Data Observability
Acceldata,Site Reliability Engineer - Hadoop Modernization,https://jobs.lever.co/acceldata/1f0af3a2-a2f4-4e62-a347-1b85524b0c87,Bengaluru,2025-11-13,172,Engineering,Mid,Other,Data Observability,"[""Data Observability""]",ENGINEERING,"[""ENGINEERING"", ""DEVOPS"", ""ANALYTICS"", ""SQL""]",6.0,0.0,,2026-04-08,2026-05-04,,Data Observability
Acceldata,Software Engineer - Open Data Platform (ODP),https://jobs.lever.co/acceldata/0c47e882-83ff-471e-ba75-5543796aa34a,Bengaluru,2025-08-29,248,Engineering,Mid,Other,Platform / Infra,"[""Platform / Infra""]",ENGINEERING,"[""ENGINEERING"", ""DEVOPS"", ""PYTHON"", ""SQL""]",4.3,0.0,,2026-04-08,2026-05-04,,Data Observability
Acceldata,"Software Engineer - Open Data Platform (ODP) | Kitchener, Canada",https://jobs.lever.co/acceldata/ed869a17-f438-4bb5-b8db-ecf412cd0def,Kitchener,2025-10-24,192,Engineering,Mid,Other,Platform / Infra,"[""Platform / Infra""]",ENGINEERING,"[""ENGINEERING"", ""DEVOPS"", ""PYTHON"", ""SQL""]",3.2,0.0,,2026-04-08,2026-05-04,,Data Observability
Acceldata,Staff Engineer - Open Source Data Platform (ODP),https://jobs.lever.co/acceldata/ef679998-fbd9-45c8-a3e2-a675a93ed37f,Kitchener,2026-03-16,49,Engineering,Principal/Staff,Other,Developer Tools,"[""Developer Tools""]",ENGINEERING,"[""ENGINEERING"", ""DEVOPS""]",1.4,1.0,,2026-04-08,2026-05-04,,Data Observability
Acceldata,Staff Product Support Engineer - Cloud Support,https://jobs.lever.co/acceldata/49682b2d-339a-4926-bec0-db5182c97d4b,Bengaluru,2026-01-06,118,Engineering,Principal/Staff,Other,Cloud Infrastructure,"[""Cloud Infrastructure""]",PRODUCT,"[""PRODUCT"", ""ENGINEERING"", ""DEVOPS""]",2.5,1.0,,2026-04-08,2026-05-04,,Data Observability
Acceldata,Staff Product Support Engineer - Hadoop Operations,https://jobs.lever.co/acceldata/a8e2159f-2b94-4a26-902d-b500d45245fe,California,2025-11-04,181,Engineering,Principal/Staff,Other,Platform / Infra,"[""Platform / Infra""]",PRODUCT,"[""PRODUCT"", ""ENGINEERING""]",2.5,1.0,,2026-04-08,2026-05-04,,Data Observability
Acceldata,Staff Software Engineer- Backend,https://jobs.lever.co/acceldata/d527fc32-5f61-4c3e-9e55-1294681ff03a,Bengaluru,2025-10-28,188,Engineering,Principal/Staff,Other,Platform / Infra,"[""Platform / Infra""]",ENGINEERING,"[""ENGINEERING"", ""PYTHON"", ""SQL""]",5.3,1.0,,2026-04-08,2026-05-04,,Data Observability
Acceldata,Technical Account Manager - Acceldata Data Observability Cloud (ADOC),https://jobs.lever.co/acceldata/074a15b8-5400-4134-88aa-bc94ec16a938,United States,2026-03-30,35,Engineering,Manager,Other,Data Observability,"[""Data Observability""]",DATA_OBSERVABILITY,"[""DATA_OBSERVABILITY"", ""OBSERVABILITY"", ""DEVOPS"", ""ANALYTICS"", ""SQL"", ""MANAGEMENT""]",8.1,1.5,,2026-04-08,2026-05-04,,Data Observability
Acceldata,Technical Account Manager - Acceldata Data Observability Cloud (ADOC),https://jobs.lever.co/acceldata/a06df205-c681-4703-bf7b-c26c92b4af7d,"Greater London, UK",2026-01-22,102,Engineering,Manager,Other,Data Observability,"[""Data Observability""]",DATA_OBSERVABILITY,"[""DATA_OBSERVABILITY"", ""OBSERVABILITY"", ""DEVOPS"", ""ANALYTICS"", ""SQL"", ""MANAGEMENT""]",8.1,1.5,,2026-04-08,2026-05-04,,Data Observability
Alation,Analyst Relations Manager,https://alation.wd503.myworkdayjobs.com/job/IND-CHENNAI/Analyst-Relations-Manager_R10000675,IND-CHENNAI,,,Operations,Manager,Data Intelligence,Corporate Functions,"[""Corporate Functions""]",ANALYTICS,"[""ANALYTICS"", ""SQL"", ""MANAGEMENT""]",4.2,0.0,,2026-04-01,2026-05-04,,Data Intelligence
Alation,Campaign Manager,https://alation.wd503.myworkdayjobs.com/job/IND-CHENNAI/Campaign-Manager_R10000669,IND-CHENNAI,,,Marketing,Manager,Data Intelligence,Go-to-Market,"[""Go-to-Market""]",MANAGEMENT,"[""MANAGEMENT""]",2.5,2.0,,2026-04-01,2026-05-04,,Data Intelligence
Alation,Cybersecurity Engineer,https://alation.wd503.myworkdayjobs.com/job/IND-CHENNAI/Cybersecurity-Engineer_R10000506,IND-CHENNAI,,,Security,Mid,Data Intelligence,Security / Compliance,"[""Security / Compliance""]",ENGINEERING,"[""ENGINEERING"", ""SECURITY""]",2.1,0.0,,2026-04-01,2026-05-04,,Data Intelligence
Alation,Enterprise Account Executive,https://alation.wd503.myworkdayjobs.com/job/USA-REMOTE/Enterprise-Account-Executive---Midwest_R10000640-1,USA,,,Sales,Mid,Data Intelligence,Go-to-Market,"[""Go-to-Market""]",,[],3.2,0.0,,2026-04-08,2026-05-04,,Data Intelligence
Alation,Enterprise Account Executive,https://alation.wd503.myworkdayjobs.com/job/USA-REMOTE/Enterprise-Account-Executive---Southeast_R10000602,USA,,,Sales,Mid,Data Intelligence,Go-to-Market,"[""Go-to-Market""]",,[],3.2,0.0,,2026-04-08,2026-05-04,,Data Intelligence
Alation,FDE Software Engineer III,https://alation.wd503.myworkdayjobs.com/job/IND-CHENNAI/Staff-Forward-Deployed-Software-Engineer_R10000481,IND-CHENNAI,,,Engineering,Mid,Data Intelligence,Platform / Infra,"[""Platform / Infra""]",ENGINEERING,"[""ENGINEERING"", ""PYTHON"", ""SQL""]",4.9,0.0,,2026-04-01,2026-05-04,,Data Intelligence
Alation,Front-End Engineer (Software Engineer II),https://alation.wd503.myworkdayjobs.com/job/USA-CA-REDWOOD-CITY/Front-End-Engineer--Software-Engineer-II-_R10000634,USA-CA-REDWOOD CITY,,,Engineering,Mid,Data Intelligence,Platform / Infra,"[""Platform / Infra""]",ENGINEERING,"[""ENGINEERING"", ""PYTHON"", ""SQL""]",6.0,0.0,,2026-04-01,2026-05-04,,Data Intelligence
Alation,GTM Analyst,https://alation.wd503.myworkdayjobs.com/job/IND-CHENNAI/GTM-Analyst_R10000704,IND-CHENNAI,,,Engineering,Mid,Data Intelligence,Platform / Infra,"[""Platform / Infra""]",ANALYTICS,"[""ANALYTICS"", ""SQL""]",4.9,0.0,,2026-05-01,2026-05-04,,Data Intelligence
Alation,"Manager, Sales Development",https://alation.wd503.myworkdayjobs.com/job/USA-CA-REDWOOD-CITY/Manager--Sales-Development_R10000701,USA-CA-REDWOOD CITY,,,Sales,Manager,Data Intelligence,Go-to-Market,"[""Go-to-Market""]",MANAGEMENT,"[""MANAGEMENT"", ""ANALYTICS""]",3.6,0.0,,2026-04-25,2026-05-04,,Data Intelligence
Alation,Principal Forward Deployed Engineer,https://alation.wd503.myworkdayjobs.com/job/USA-CA-REDWOOD-CITY/Principal-Forward-Deployed-Engineer_R10000695,USA-CA-REDWOOD CITY,2026-04-16,18,Engineering,Principal/Staff,Data Intelligence,Platform / Infra,"[""Platform / Infra""]",ENGINEERING,"[""ENGINEERING""]",5.3,1.0,,2026-04-16,2026-05-04,,Data Intelligence
Alation,Product Manager III,https://alation.wd503.myworkdayjobs.com/job/USA-CA-REDWOOD-CITY/Product-Manager-III_R10000688,USA-CA-REDWOOD CITY,2026-04-20,14,Product Management,Manager,Data Intelligence,Product Management,"[""Product Management""]",PRODUCT,"[""PRODUCT"", ""MANAGEMENT""]",3.6,0.0,,2026-04-10,2026-05-04,,Data Intelligence
Alation,Senior Business Systems Analyst,https://alation.wd503.myworkdayjobs.com/job/IND-CHENNAI/Business-Systems-Analysts-III_R10000616-1,IND-CHENNAI,,,Engineering,Senior,Data Intelligence,Platform / Infra,"[""Platform / Infra""]",ENGINEERING,"[""ENGINEERING"", ""PYTHON"", ""ANALYTICS"", ""SQL""]",5.3,1.0,,2026-04-01,2026-05-04,,Data Intelligence
Alation,Senior Product Manager,https://alation.wd503.myworkdayjobs.com/job/IND-CHENNAI/Product-Manager_R10000431,IND-CHENNAI,2026-04-14,20,Product Management,Senior,Data Intelligence,Product Management,"[""Product Management""]",PRODUCT,"[""PRODUCT"", ""MANAGEMENT""]",2.5,1.0,,2026-04-01,2026-05-04,,Data Intelligence
Alation,Senior Product Manager II,https://alation.wd503.myworkdayjobs.com/job/USA-CA-REDWOOD-CITY/Senior-Product-Manager-II_R10000683,USA-CA-REDWOOD CITY,2026-04-13,21,Product Management,Senior,Data Intelligence,Product Management,"[""Product Management""]",PRODUCT,"[""PRODUCT"", ""MANAGEMENT""]",3.6,1.0,,2026-04-03,2026-05-04,,Data Intelligence
Alation,Senior Technical Support Engineer – Japanese (JLPT N3+),https://alation.wd503.myworkdayjobs.com/job/IND-CHENNAI/Senior-Technical-Support-Engineer_R10000626,IND-CHENNAI,2026-04-07,27,Engineering,Senior,Data Intelligence,Platform / Infra,"[""Platform / Infra""]",ENGINEERING,"[""ENGINEERING""]",3.6,1.0,,2026-04-01,2026-05-04,,Data Intelligence
Alation,Software Engineer II,https://alation.wd503.myworkdayjobs.com/job/IND-CHENNAI/Software-Engineer-II_R10000694,IND-CHENNAI,2026-04-27,7,Engineering,Mid,Data Intelligence,Platform / Infra,"[""Platform / Infra""]",ENGINEERING,"[""ENGINEERING"", ""PYTHON"", ""SQL""]",4.9,0.0,,2026-04-27,2026-05-04,,Data Intelligence
Alation,Software Engineer II,https://alation.wd503.myworkdayjobs.com/job/IND-CHENNAI/Software-Engineer-II_R10000603,IND-CHENNAI,2026-04-10,24,Engineering,Mid,Data Intelligence,Platform / Infra,"[""Platform / Infra""]",ENGINEERING,"[""ENGINEERING"", ""PYTHON"", ""SQL""]",4.9,0.0,,2026-04-01,2026-05-04,,Data Intelligence
Alation,Software Engineer III,https://alation.wd503.myworkdayjobs.com/job/IND-CHENNAI/Software-Engineer-III_R10000604,IND-CHENNAI,,,Engineering,Mid,Data Intelligence,Platform / Infra,"[""Platform / Infra""]",ENGINEERING,"[""ENGINEERING"", ""PYTHON"", ""SQL""]",4.9,0.0,,2026-04-01,2026-05-04,,Data Intelligence
Alation,Sr. GTM AI Analyst,https://alation.wd503.myworkdayjobs.com/job/IND-CHENNAI/Sr-GTM-AI-Analyst_R10000705,IND-CHENNAI,2026-04-30,4,Engineering,Senior,Data Intelligence,ML/AI infra,"[""ML/AI infra""]",AI,"[""AI"", ""ANALYTICS"", ""SQL"", ""ML"", ""PYTHON""]",6.4,3.0,,2026-04-30,2026-05-04,,Data Intelligence
Alation,Sr. Staff Deployment Strategist,https://alation.wd503.myworkdayjobs.com/job/GBR-LONDON/Sr-Staff-Deployment-Strategist---London_R10000648,GBR-LONDON,,,Engineering,Principal/Staff,Data Intelligence,Cloud Infrastructure,"[""Cloud Infrastructure""]",,[],4.2,1.0,,2026-04-08,2026-05-04,,Data Intelligence
Alation,Sr. Staff Deployment Strategist,https://alation.wd503.myworkdayjobs.com/job/USA-REMOTE/Sr-Staff-Deployment-Strategist---Southeast_R10000652,USA,,,Engineering,Principal/Staff,Data Intelligence,Cloud Infrastructure,"[""Cloud Infrastructure""]",,[],4.2,1.0,,2026-04-01,2026-05-04,,Data Intelligence
Alation,Sr. Staff Deployment Strategist,https://alation.wd503.myworkdayjobs.com/job/USA-REMOTE/Sr-Staff-Deployment-Strategist---Northeast_R10000653,USA,,,Engineering,Principal/Staff,Data Intelligence,Cloud Infrastructure,"[""Cloud Infrastructure""]",,[],4.2,1.0,,2026-04-16,2026-05-04,,Data Intelligence
Alation,Sr. Staff Deployment Strategist - West Region,https://alation.wd503.myworkdayjobs.com/job/USA-CA-REDWOOD-CITY/Sr-Staff-Deployment-Strategist---West-Region_R10000657,USA-CA-REDWOOD CITY,2026-04-25,9,Engineering,Principal/Staff,Data Intelligence,Cloud Infrastructure,"[""Cloud Infrastructure""]",,[],4.2,1.0,,2026-04-08,2026-05-04,,Data Intelligence
Alation,Technical Support Engineer,https://alation.wd503.myworkdayjobs.com/job/CHL-CHILE/Technical-Support-Engineer_R10000423,CHL-CHILE,,,Engineering,Mid,Data Intelligence,Platform / Infra,"[""Platform / Infra""]",ENGINEERING,"[""ENGINEERING""]",3.2,0.0,,2026-04-01,2026-05-04,,Data Intelligence
Alation,"UX Engineer Intern, Applied AI",https://alation.wd503.myworkdayjobs.com/job/USA-CA-REDWOOD-CITY/UX-Engineer-Intern--Applied-AI_R10000689,USA-CA-REDWOOD CITY,2026-05-03,1,Engineering,Intern,Data Intelligence,Platform / Infra,"[""Platform / Infra""]",UX,"[""UX"", ""AI"", ""ENGINEERING"", ""ML"", ""PYTHON"", ""SQL""]",6.7,2.0,,2026-04-23,2026-05-04,,Data Intelligence
Alation,Workday System Analyst,https://alation.wd503.myworkdayjobs.com/job/IND-CHENNAI/Workday-System-Analyst_R10000526,IND-CHENNAI,,,Engineering,Mid,Data Intelligence,Platform / Infra,"[""Platform / Infra""]",ANALYTICS,"[""ANALYTICS"", ""SQL""]",4.9,0.0,,2026-04-01,2026-05-04,,Data Intelligence
Atlan,Implementation Engineer,https://jobs.ashbyhq.com/atlan/8c585cce-14ca-46c6-ab9e-0559e0177dbb,United States,2025-11-26,159,Engineering,Mid,Data Intelligence,Platform / Infra,"[""Platform / Infra""]",ENGINEERING,"[""ENGINEERING""]",4.3,0.0,,2026-03-26,2026-05-04,,Data Intelligence
Atlan,Security Engineer (Automation & AI),https://jobs.ashbyhq.com/atlan/6a9441af-27c7-4519-95c2-8381536cf8b4,India,2026-04-06,28,Security,Mid,Data Intelligence,Security / Compliance,"[""Security / Compliance""]",SECURITY,"[""SECURITY"", ""AUTOMATION"", ""AI"", ""ENGINEERING"", ""ML"", ""PYTHON"", ""SQL""]",6.0,2.0,,2026-04-07,2026-05-04,,Data Intelligence
Atlan,Senior Partner Sales Engineer,https://jobs.ashbyhq.com/atlan/7946c81e-a8de-4131-a05b-d39f5555f825,United States,2026-03-31,34,Engineering,Senior,Data Intelligence,Platform / Infra,"[""Platform / Infra""]",ENGINEERING,"[""ENGINEERING"", ""ANALYTICS""]",4.7,1.0,,2026-04-01,2026-05-04,,Data Intelligence
Atlan,Senior Sales Engineer EMEA,https://jobs.ashbyhq.com/atlan/9a65a645-7437-4963-929e-d60f4cf375f3,United Kingdom,2026-03-18,47,Engineering,Senior,Data Intelligence,Platform / Infra,"[""Platform / Infra""]",ENGINEERING,"[""ENGINEERING"", ""ANALYTICS""]",3.6,1.0,,2026-03-26,2026-05-04,,Data Intelligence
Atlan,Sr. Cybersecurity Engineer,https://jobs.ashbyhq.com/atlan/254c1250-953b-4323-8d18-9fe5e41d8d7d,India,2025-11-04,181,Security,Senior,Data Intelligence,Security / Compliance,"[""Security / Compliance""]",ENGINEERING,"[""ENGINEERING"", ""SECURITY""]",3.6,1.0,,2026-03-26,2026-05-04,,Data Intelligence
Atlan,Sr. Engineering Manager,https://jobs.ashbyhq.com/atlan/aea0a9e5-6555-4e35-9753-3a443bcf2624,India,2025-08-06,271,Engineering,Senior,Data Intelligence,Platform / Infra,"[""Platform / Infra""]",ENGINEERING,"[""ENGINEERING"", ""MANAGEMENT""]",4.7,1.0,,2026-03-26,2026-05-04,,Data Intelligence
Atlan,Sr. IT Engineer,https://jobs.ashbyhq.com/atlan/27f28d2f-a894-4367-959a-c55cbc33c2e4,Mexico,2026-02-27,66,Engineering,Senior,Data Intelligence,Platform / Infra,"[""Platform / Infra""]",ENGINEERING,"[""ENGINEERING""]",3.6,1.0,,2026-03-26,2026-05-04,,Data Intelligence
Atlan,"Sr. Systems Engineer, IT (Endpoint Engineering)",https://jobs.ashbyhq.com/atlan/eeafd6fc-0368-4cce-968b-265673f78716,India,2026-02-12,81,Engineering,Senior,Data Intelligence,Platform / Infra,"[""Platform / Infra""]",ENGINEERING,"[""ENGINEERING"", ""PYTHON"", ""SQL""]",6.4,1.0,,2026-03-26,2026-05-04,,Data Intelligence
Atlan,Staff Software Engineer ( Foundation Platform),https://jobs.ashbyhq.com/atlan/c13156fc-1792-496d-93c4-4fbd6db5c1f8,India,2026-03-24,41,Engineering,Principal/Staff,Data Intelligence,Platform / Infra,"[""Platform / Infra""]",ENGINEERING,"[""ENGINEERING"", ""DEVOPS"", ""PYTHON"", ""SQL""]",6.9,1.0,,2026-03-26,2026-05-04,,Data Intelligence
Atlan,Strategic Customer Success Manager,https://jobs.ashbyhq.com/atlan/be21d016-27b1-484c-8ca9-7b107ed222be,United States,2026-01-08,116,Customer Success,Manager,Data Intelligence,Go-to-Market,"[""Go-to-Market""]",MANAGEMENT,"[""MANAGEMENT"", ""ANALYTICS""]",3.6,0.0,,2026-03-26,2026-05-04,,Data Intelligence
Collibra,Account Program Manager - Public Sector,https://www.collibra.com/us/en/company/careers/job-listing/?gh_jid=7681714,USA,2026-03-25,40,Product Management,Manager,Data Intelligence,Product Management,"[""Product Management""]",MANAGEMENT,"[""MANAGEMENT"", ""ANALYTICS""]",3.6,0.0,,2026-04-08,2026-05-04,,Data Intelligence
Collibra,Associate Product Content Engineer I,https://www.collibra.com/us/en/company/careers/job-listing/?gh_jid=7847914,"Brussels, Belgium",2026-04-24,10,Engineering,Entry,Data Intelligence,Platform / Infra,"[""Platform / Infra""]",PRODUCT,"[""PRODUCT"", ""ENGINEERING""]",4.1,0.0,,2026-04-25,2026-05-04,,Data Intelligence
Collibra,Business Intelligence & Analytics Manager,https://www.collibra.com/us/en/company/careers/job-listing/?gh_jid=7612725,"Brussels, Belgium",2026-03-03,62,Data/Analytics,Manager,Data Intelligence,Analytics / BI,"[""Analytics / BI""]",BUSINESS_INTELLIGENCE,"[""BUSINESS_INTELLIGENCE"", ""ANALYTICS"", ""SQL"", ""MANAGEMENT""]",5.3,0.0,,2026-04-08,2026-05-04,,Data Intelligence
Collibra,"Database Engineer, Postgres",https://www.collibra.com/us/en/company/careers/job-listing/?gh_jid=7686227,"Raleigh, North Carolina, USA",2026-03-18,47,Engineering,Mid,Data Intelligence,Database / Storage,"[""Database / Storage""]",POSTGRES,"[""POSTGRES"", ""ENGINEERING"", ""ETL"", ""SQL"", ""PYTHON""]",8.2,0.0,,2026-04-08,2026-05-04,,Data Intelligence
Collibra,"Database Engineer, Postgres",https://www.collibra.com/us/en/company/careers/job-listing/?gh_jid=7728905,"New York, New York, USA",2026-03-18,47,Engineering,Mid,Data Intelligence,Database / Storage,"[""Database / Storage""]",POSTGRES,"[""POSTGRES"", ""ENGINEERING"", ""ETL"", ""SQL"", ""PYTHON""]",8.2,0.0,,2026-04-08,2026-05-04,,Data Intelligence
Collibra,"Director, Field Security",https://www.collibra.com/us/en/company/careers/job-listing/?gh_jid=7872878,"Raleigh, North Carolina, USA",2026-04-30,4,Security,Director+,Data Intelligence,Security / Compliance,"[""Security / Compliance""]",SECURITY,"[""SECURITY""]",4.4,1.0,,2026-05-01,2026-05-04,,Data Intelligence
Collibra,"Director, Product Security",https://www.collibra.com/us/en/company/careers/job-listing/?gh_jid=7664547,"Raleigh, North Carolina, USA",2026-03-09,56,Security,Director+,Data Intelligence,Security / Compliance,"[""Security / Compliance""]",PRODUCT,"[""PRODUCT"", ""SECURITY"", ""MANAGEMENT""]",4.4,1.0,,2026-04-08,2026-05-04,,Data Intelligence
Collibra,"Director, Revenue Operations",https://www.collibra.com/us/en/company/careers/job-listing/?gh_jid=7793133,"Raleigh, North Carolina, USA",2026-04-15,19,Sales,Director+,Data Intelligence,Go-to-Market,"[""Go-to-Market""]",,[],4.4,1.0,,2026-04-15,2026-05-04,,Data Intelligence
Collibra,Enterprise Customer Support Engineer,https://www.collibra.com/us/en/company/careers/job-listing/?gh_jid=7837955,Australia,2026-04-27,7,Engineering,Mid,Data Intelligence,Platform / Infra,"[""Platform / Infra""]",ENGINEERING,"[""ENGINEERING"", ""ANALYTICS""]",4.3,0.0,,2026-04-27,2026-05-04,,Data Intelligence
Collibra,"Forward Deployed Engineer, Unstructured AI",https://www.collibra.com/us/en/company/careers/job-listing/?gh_jid=7658957,"Brussels, Belgium",2026-03-16,49,Engineering,Mid,Data Intelligence,Platform / Infra,"[""Platform / Infra""]",AI,"[""AI"", ""ENGINEERING"", ""ML"", ""PYTHON"", ""SQL""]",7.1,2.0,,2026-04-08,2026-05-04,,Data Intelligence
Collibra,Integration Automation Engineer,https://www.collibra.com/us/en/company/careers/job-listing/?gh_jid=7536126,"Raleigh, North Carolina, USA",2026-03-03,62,Engineering,Mid,Data Intelligence,ETL/Integration,"[""ETL/Integration""]",INTEGRATION,"[""INTEGRATION"", ""AUTOMATION"", ""ENGINEERING""]",7.7,0.0,,2026-04-08,2026-05-04,,Data Intelligence
Collibra,Learning Systems Engineer,https://www.collibra.com/us/en/company/careers/job-listing/?gh_jid=7793093,"Raleigh, North Carolina, USA",2026-04-15,19,Engineering,Mid,Data Intelligence,Platform / Infra,"[""Platform / Infra""]",ENGINEERING,"[""ENGINEERING"", ""PYTHON"", ""SQL""]",6.0,0.0,,2026-04-16,2026-05-04,,Data Intelligence
Collibra,"Manager, Professional Services Engagement Management",https://www.collibra.com/us/en/company/careers/job-listing/?gh_jid=7659007,"London, United Kingdom",2026-04-01,33,Customer Success,Manager,Data Intelligence,Go-to-Market,"[""Go-to-Market""]",MANAGEMENT,"[""MANAGEMENT""]",3.6,0.0,,2026-04-08,2026-05-04,,Data Intelligence
Collibra,Production Engineer,https://www.collibra.com/us/en/company/careers/job-listing/?gh_jid=7595236,Belgium,2026-03-16,49,Engineering,Mid,Data Intelligence,Platform / Infra,"[""Platform / Infra""]",ENGINEERING,"[""ENGINEERING"", ""PRODUCT""]",3.2,0.0,,2026-04-08,2026-05-04,,Data Intelligence
Collibra,Revenue Operations Manager,https://www.collibra.com/us/en/company/careers/job-listing/?gh_jid=7684725,"Raleigh, North Carolina, USA",2026-03-18,47,Sales,Manager,Data Intelligence,Go-to-Market,"[""Go-to-Market""]",MANAGEMENT,"[""MANAGEMENT""]",3.6,0.0,,2026-04-08,2026-05-04,,Data Intelligence
Collibra,SAP Specialist Customer Engineer,https://www.collibra.com/us/en/company/careers/job-listing/?gh_jid=7865745,Germany,2026-04-29,5,Engineering,Mid,Data Intelligence,Platform / Infra,"[""Platform / Infra""]",ENGINEERING,"[""ENGINEERING"", ""ANALYTICS""]",4.3,0.0,,2026-04-30,2026-05-04,,Data Intelligence
Collibra,Senior AI Engineer,https://www.collibra.com/us/en/company/careers/job-listing/?gh_jid=7586601,"Raleigh, North Carolina, USA",2026-02-20,73,AI/ML & Vector,Senior,Data Intelligence,ML/AI infra,"[""ML/AI infra""]",AI,"[""AI"", ""ENGINEERING"", ""ML"", ""PYTHON"", ""SQL""]",7.5,3.0,,2026-04-08,2026-05-04,,Data Intelligence
Collibra,Senior AI Engineer,https://www.collibra.com/us/en/company/careers/job-listing/?gh_jid=7589024,"Prague, Czech Republic",2026-02-20,73,AI/ML & Vector,Senior,Data Intelligence,ML/AI infra,"[""ML/AI infra""]",AI,"[""AI"", ""ENGINEERING"", ""ML"", ""PYTHON"", ""SQL""]",6.4,3.0,,2026-04-10,2026-05-04,,Data Intelligence
Collibra,Senior AI Engineer,https://www.collibra.com/us/en/company/careers/job-listing/?gh_jid=7589009,"Brussels, Belgium",2026-02-20,73,AI/ML & Vector,Senior,Data Intelligence,ML/AI infra,"[""ML/AI infra""]",AI,"[""AI"", ""ENGINEERING"", ""ML"", ""PYTHON"", ""SQL""]",7.5,3.0,,2026-04-08,2026-05-04,,Data Intelligence
Collibra,"Senior AI Engineer, Unstructured AI",https://www.collibra.com/us/en/company/careers/job-listing/?gh_jid=7561707,"New York, New York, USA",2026-03-16,49,AI/ML & Vector,Senior,Data Intelligence,ML/AI infra,"[""ML/AI infra""]",AI,"[""AI"", ""ENGINEERING"", ""ML"", ""PYTHON"", ""SQL""]",7.5,3.0,,2026-04-08,2026-05-04,,Data Intelligence
Collibra,"Senior AI Engineer, Unstructured AI",https://www.collibra.com/us/en/company/careers/job-listing/?gh_jid=7663340,"Brussels, Belgium",2026-03-16,49,AI/ML & Vector,Senior,Data Intelligence,ML/AI infra,"[""ML/AI infra""]",AI,"[""AI"", ""ENGINEERING"", ""ML"", ""PYTHON"", ""SQL""]",7.5,3.0,,2026-04-08,2026-05-04,,Data Intelligence
Collibra,Senior Account Executive,https://www.collibra.com/us/en/company/careers/job-listing/?gh_jid=7560385,USA,2026-04-08,26,Sales,Senior,Data Intelligence,Go-to-Market,"[""Go-to-Market""]",,[],3.6,1.0,,2026-04-08,2026-05-04,,Data Intelligence
Collibra,Senior Account Executive I,https://www.collibra.com/us/en/company/careers/job-listing/?gh_jid=7567008,West Coast USA,2026-04-01,33,Sales,Senior,Data Intelligence,Go-to-Market,"[""Go-to-Market""]",,[],3.6,1.0,,2026-04-08,2026-05-04,,Data Intelligence
Collibra,Senior Account Executive II,https://www.collibra.com/us/en/company/careers/job-listing/?gh_jid=7821397,USA,2026-04-16,18,Sales,Senior,Data Intelligence,Go-to-Market,"[""Go-to-Market""]",,[],3.6,1.0,,2026-04-16,2026-05-04,,Data Intelligence
Collibra,Senior Account Executive II,https://www.collibra.com/us/en/company/careers/job-listing/?gh_jid=7871090,"London, United Kingdom",2026-04-30,4,Sales,Senior,Data Intelligence,Go-to-Market,"[""Go-to-Market""]",,[],3.6,1.0,,2026-05-01,2026-05-04,,Data Intelligence
Collibra,Senior Account Executive II,https://www.collibra.com/us/en/company/careers/job-listing/?gh_jid=7349225,USA,2026-03-03,62,Sales,Senior,Data Intelligence,Go-to-Market,"[""Go-to-Market""]",,[],3.6,1.0,,2026-04-08,2026-05-04,,Data Intelligence
Collibra,"Senior Account Executive, FSI II",https://www.collibra.com/us/en/company/careers/job-listing/?gh_jid=6803762,USA,2026-03-03,62,Sales,Senior,Data Intelligence,Go-to-Market,"[""Go-to-Market""]",,[],3.6,1.0,,2026-04-08,2026-05-04,,Data Intelligence
Collibra,Senior Accountant,https://www.collibra.com/us/en/company/careers/job-listing/?gh_jid=7428479,"Prague, Czech Republic",2026-03-03,62,Engineering,Senior,Data Intelligence,Platform / Infra,"[""Platform / Infra""]",,[],3.6,1.0,,2026-04-08,2026-05-04,,Data Intelligence
Collibra,Senior Advanced Customer Support Engineer II,https://www.collibra.com/us/en/company/careers/job-listing/?gh_jid=7684561,"Prague, Czech Republic",2026-04-08,26,Engineering,Senior,Data Intelligence,Platform / Infra,"[""Platform / Infra""]",ENGINEERING,"[""ENGINEERING"", ""ANALYTICS""]",3.6,1.0,,2026-04-08,2026-05-04,,Data Intelligence
Collibra,Senior Customer Engineer,https://www.collibra.com/us/en/company/careers/job-listing/?gh_jid=7851047,"Brussels, Belgium",2026-04-24,10,Engineering,Senior,Data Intelligence,Platform / Infra,"[""Platform / Infra""]",ENGINEERING,"[""ENGINEERING"", ""ANALYTICS""]",4.7,1.0,,2026-04-25,2026-05-04,,Data Intelligence
Collibra,Senior Customer Engineer,https://www.collibra.com/us/en/company/careers/job-listing/?gh_jid=7851052,Netherlands,2026-04-24,10,Engineering,Senior,Data Intelligence,Platform / Infra,"[""Platform / Infra""]",ENGINEERING,"[""ENGINEERING"", ""ANALYTICS""]",3.6,1.0,,2026-04-25,2026-05-04,,Data Intelligence
Collibra,Senior Customer Engineer — Deasy Labs,https://www.collibra.com/us/en/company/careers/job-listing/?gh_jid=7711343,"New York, New York, USA",2026-03-27,38,Engineering,Senior,Data Intelligence,Platform / Infra,"[""Platform / Infra""]",ENGINEERING,"[""ENGINEERING"", ""ANALYTICS""]",4.7,1.0,,2026-04-08,2026-05-04,,Data Intelligence
Collibra,Senior Customer Engineer — Deasy Labs,https://www.collibra.com/us/en/company/careers/job-listing/?gh_jid=7711393,"Brussels, Belgium",2026-03-27,38,Engineering,Senior,Data Intelligence,Platform / Infra,"[""Platform / Infra""]",ENGINEERING,"[""ENGINEERING"", ""ANALYTICS""]",4.7,1.0,,2026-04-08,2026-05-04,,Data Intelligence
Collibra,Senior Customer Support Engineer II,https://www.collibra.com/us/en/company/careers/job-listing/?gh_jid=7684559,"Raleigh, North Carolina, USA",2026-04-08,26,Engineering,Senior,Data Intelligence,Platform / Infra,"[""Platform / Infra""]",ENGINEERING,"[""ENGINEERING"", ""ANALYTICS""]",4.7,1.0,,2026-04-08,2026-05-04,,Data Intelligence
Collibra,"Senior Manager, Sales Compensation",https://www.collibra.com/us/en/company/careers/job-listing/?gh_jid=7684557,"Raleigh, North Carolina, USA",2026-04-04,30,Sales,Senior,Data Intelligence,Go-to-Market,"[""Go-to-Market""]",MANAGEMENT,"[""MANAGEMENT"", ""ANALYTICS""]",3.6,1.0,,2026-04-08,2026-05-04,,Data Intelligence
Collibra,Senior Partnership Account Manager,https://www.collibra.com/us/en/company/careers/job-listing/?gh_jid=7842946,Germany,2026-04-27,7,Sales,Senior,Data Intelligence,Go-to-Market,"[""Go-to-Market""]",MANAGEMENT,"[""MANAGEMENT"", ""ANALYTICS""]",3.6,1.0,,2026-04-27,2026-05-04,,Data Intelligence
Collibra,Senior Partnership Account Manager,https://www.collibra.com/us/en/company/careers/job-listing/?gh_jid=7843475,"London, United Kingdom",2026-04-27,7,Sales,Senior,Data Intelligence,Go-to-Market,"[""Go-to-Market""]",MANAGEMENT,"[""MANAGEMENT"", ""ANALYTICS""]",3.6,1.0,,2026-04-27,2026-05-04,,Data Intelligence
Collibra,Senior Product Manager,https://www.collibra.com/us/en/company/careers/job-listing/?gh_jid=7773114,"Brussels, Belgium",2026-04-08,26,Product Management,Senior,Data Intelligence,Product Management,"[""Product Management""]",PRODUCT,"[""PRODUCT"", ""MANAGEMENT""]",3.6,1.0,,2026-04-08,2026-05-04,,Data Intelligence
Collibra,Senior Product Manager,https://www.collibra.com/us/en/company/careers/job-listing/?gh_jid=7773112,"Brussels, Belgium",2026-04-13,21,Product Management,Senior,Data Intelligence,Product Management,"[""Product Management""]",PRODUCT,"[""PRODUCT"", ""MANAGEMENT""]",3.6,1.0,,2026-04-14,2026-05-04,,Data Intelligence
Collibra,Senior Software Engineer (1783),https://www.collibra.com/us/en/company/careers/job-listing/?gh_jid=7852194,"New York, New York, USA",2026-04-25,9,Engineering,Senior,Data Intelligence,Platform / Infra,"[""Platform / Infra""]",ENGINEERING,"[""ENGINEERING"", ""PYTHON"", ""SQL""]",6.4,1.0,,2026-04-26,2026-05-04,,Data Intelligence
Collibra,Senior Tax Analyst,https://www.collibra.com/us/en/company/careers/job-listing/?gh_jid=7630043,"Raleigh, North Carolina, USA",2026-03-20,45,Finance,Senior,Data Intelligence,Corporate Functions,"[""Corporate Functions""]",ANALYTICS,"[""ANALYTICS"", ""SQL""]",5.3,1.0,,2026-04-08,2026-05-04,,Data Intelligence
Collibra,Senior User Experience Designer I,https://www.collibra.com/us/en/company/careers/job-listing/?gh_jid=7658953,"Prague, Czech Republic",2026-03-16,49,Design,Senior,Data Intelligence,Product Management,"[""Product Management""]",UX,"[""UX""]",2.5,1.0,,2026-04-08,2026-05-04,,Data Intelligence
Collibra,Software Development Engineer in Test II,https://www.collibra.com/us/en/company/careers/job-listing/?gh_jid=7699601,"Raleigh, North Carolina, USA",2026-04-01,33,Engineering,Mid,Data Intelligence,Platform / Infra,"[""Platform / Infra""]",ENGINEERING,"[""ENGINEERING"", ""PYTHON"", ""SQL""]",6.0,0.0,,2026-04-08,2026-05-04,,Data Intelligence
Collibra,"Software Engineer, Infrastructure",https://www.collibra.com/us/en/company/careers/job-listing/?gh_jid=7059344,"Prague, Czech Republic",2026-04-16,18,Engineering,Mid,Data Intelligence,Cloud Infrastructure,"[""Cloud Infrastructure""]",ENGINEERING,"[""ENGINEERING"", ""DEVOPS"", ""PYTHON"", ""SQL""]",3.8,0.0,,2026-04-08,2026-05-04,,Data Intelligence
Collibra,Staff Platform Engineer,https://www.collibra.com/us/en/company/careers/job-listing/?gh_jid=7793728,United Kingdom,2026-04-17,17,Engineering,Principal/Staff,Data Intelligence,Platform / Infra,"[""Platform / Infra""]",ENGINEERING,"[""ENGINEERING"", ""DEVOPS""]",4.2,1.0,,2026-04-17,2026-05-04,,Data Intelligence
Databricks,AI Engineer - FDE (Forward Deployed Engineer),https://databricks.com/company/careers/open-positions/job?gh_jid=8503080002,Singapore,2026-04-20,14,AI/ML & Vector,Mid,Warehouse/Processing,ML/AI infra,"[""ML/AI infra""]",AI,"[""AI"", ""ENGINEERING"", ""ML"", ""PYTHON"", ""SQL""]",6.3,2.0,yes,2026-04-20,2026-05-04,,AI Analyst
Databricks,AI Engineer - FDE (Forward Deployed Engineer),https://databricks.com/company/careers/open-positions/job?gh_jid=8330188002,"Melbourne, Australia",2026-04-09,25,AI/ML & Vector,Mid,Warehouse/Processing,ML/AI infra,"[""ML/AI infra""]",AI,"[""AI"", ""ENGINEERING"", ""ML"", ""PYTHON"", ""SQL""]",6.3,2.0,yes,2026-04-08,2026-05-04,,AI Analyst
Databricks,AI Engineer - FDE (Forward Deployed Engineer),https://databricks.com/company/careers/open-positions/job?gh_jid=8099751002,India,2026-04-09,25,AI/ML & Vector,Mid,Warehouse/Processing,ML/AI infra,"[""ML/AI infra""]",AI,"[""AI"", ""ENGINEERING"", ""ML"", ""PYTHON"", ""SQL""]",6.3,2.0,yes,2026-04-08,2026-05-04,,AI Analyst
Databricks,AI Engineer - FDE (Forward Deployed Engineer) - U.S. Federal Sector,https://databricks.com/company/careers/open-positions/job?gh_jid=8531838002,United States,2026-04-30,4,AI/ML & Vector,Mid,Warehouse/Processing,ML/AI infra,"[""ML/AI infra""]",AI,"[""AI"", ""ENGINEERING"", ""ML"", ""PYTHON"", ""SQL""]",6.3,2.0,yes,2026-05-01,2026-05-04,,AI Analyst
Databricks,AI Solutions Architect (Pre-sales) - Strategic Accounts,https://databricks.com/company/careers/open-positions/job?gh_jid=8501390002,"Amsterdam, Netherlands",2026-05-02,2,Solution Engineering,Mid,Warehouse/Processing,ML/AI infra,"[""ML/AI infra""]",AI,"[""AI"", ""ENGINEERING"", ""ML"", ""PYTHON"", ""SQL"", ""ANALYTICS""]",5.2,2.0,yes,2026-05-03,2026-05-04,,AI Analyst
Databricks,Account Executive,https://databricks.com/company/careers/open-positions/job?gh_jid=8441867002,"Australian Capital Territory, Australia",2026-03-05,60,Sales,Mid,Warehouse/Processing,Go-to-Market,"[""Go-to-Market""]",,[],2.4,0.0,yes,2026-04-08,2026-05-04,,AI Analyst
Databricks,Business Intelligence Manager,https://databricks.com/company/careers/open-positions/job?gh_jid=8501030002,"New York; San Francisco, California",2026-04-17,17,Data/Analytics,Manager,Warehouse/Processing,Analytics / BI,"[""Analytics / BI""]",BUSINESS_INTELLIGENCE,"[""BUSINESS_INTELLIGENCE"", ""ANALYTICS"", ""SQL"", ""MANAGEMENT""]",4.4,0.0,yes,2026-04-18,2026-05-04,,AI Analyst
Databricks,Data & AI Platform Architect (Professional Services),https://databricks.com/company/careers/open-positions/job?gh_jid=8521090002,Denmark,2026-04-27,7,Engineering,Mid,Warehouse/Processing,ML/AI infra,"[""ML/AI infra""]",AI,"[""AI"", ""ENGINEERING"", ""DEVOPS"", ""ML"", ""PYTHON"", ""SQL""]",5.2,2.0,yes,2026-04-27,2026-05-04,,AI Analyst
Databricks,Data & AI Platform Architect (Professional Services),https://databricks.com/company/careers/open-positions/job?gh_jid=8462016002,"Amsterdam, Netherlands",2026-04-21,13,Engineering,Mid,Warehouse/Processing,ML/AI infra,"[""ML/AI infra""]",AI,"[""AI"", ""ENGINEERING"", ""DEVOPS"", ""ML"", ""PYTHON"", ""SQL""]",5.2,2.0,yes,2026-04-21,2026-05-04,,AI Analyst
Databricks,Data and AI Solution Architect (Professional Services),https://databricks.com/company/careers/open-positions/job?gh_jid=8425303002,"Munich, Germany",2026-03-09,56,Engineering,Mid,Warehouse/Processing,ML/AI infra,"[""ML/AI infra""]",AI,"[""AI""]",4.6,2.0,yes,2026-03-26,2026-05-04,,AI Analyst
Databricks,Director of Engineering (Lakeflow),https://databricks.com/company/careers/open-positions/job?gh_jid=8139277002,"Bengaluru, India",2026-02-19,74,Engineering,Director+,Warehouse/Processing,Platform / Infra,"[""Platform / Infra""]",ENGINEERING,"[""ENGINEERING"", ""ETL"", ""SQL"", ""PYTHON""]",8.1,1.0,yes,2026-03-26,2026-05-04,,AI Analyst
Databricks,"Director,Technical Solutions (Big Data/ AI)",https://databricks.com/company/careers/open-positions/job?gh_jid=8409447002,"Bengaluru, India",2026-03-20,45,Operations,Director+,Warehouse/Processing,Corporate Functions,"[""Corporate Functions""]",AI,"[""AI""]",4.7,3.0,yes,2026-03-26,2026-05-04,,AI Analyst
Databricks,Enterprise Account Executive,https://databricks.com/company/careers/open-positions/job?gh_jid=8470125002,China,2026-03-19,46,Sales,Mid,Warehouse/Processing,Go-to-Market,"[""Go-to-Market""]",,[],1.3,0.0,yes,2026-04-08,2026-05-04,,AI Analyst
Databricks,Enterprise Account Executive - FSI,https://databricks.com/company/careers/open-positions/job?gh_jid=8440900002,"Tokyo, Japan",2026-04-07,27,Sales,Mid,Warehouse/Processing,Go-to-Market,"[""Go-to-Market""]",,[],1.3,0.0,yes,2026-04-08,2026-05-04,,AI Analyst
Databricks,Enterprise Account Executive - Financial Services,https://databricks.com/company/careers/open-positions/job?gh_jid=8482144002,"Montréal, Canada",2026-03-30,35,Sales,Mid,Warehouse/Processing,Go-to-Market,"[""Go-to-Market""]",,[],2.4,0.0,yes,2026-04-08,2026-05-04,,AI Analyst
Databricks,"Field Engineering, Data Warehousing Product Specialist",https://databricks.com/company/careers/open-positions/job?gh_jid=8151567002,Singapore,2026-03-17,48,Engineering,Mid,Warehouse/Processing,Platform / Infra,"[""Platform / Infra""]",PRODUCT,"[""PRODUCT"", ""ENGINEERING""]",3.5,0.0,yes,2026-03-26,2026-05-04,,AI Analyst
Databricks,Forward Deployment Engineer,https://databricks.com/company/careers/open-positions/job?gh_jid=8251125002,"Sydney, Australia",2026-04-28,6,Engineering,Mid,Warehouse/Processing,Cloud Infrastructure,"[""Cloud Infrastructure""]",ENGINEERING,"[""ENGINEERING""]",2.4,0.0,yes,2026-04-29,2026-05-04,,AI Analyst
Databricks,Forward Deployment Engineer,https://databricks.com/company/careers/open-positions/job?gh_jid=8373538002,Singapore,2026-04-28,6,Engineering,Mid,Warehouse/Processing,Cloud Infrastructure,"[""Cloud Infrastructure""]",ENGINEERING,"[""ENGINEERING""]",2.4,0.0,yes,2026-04-29,2026-05-04,,AI Analyst
Databricks,Industry Lead Solutions Architect - Financial Services,https://databricks.com/company/careers/open-positions/job?gh_jid=8480642002,"Georgia; Illinois; Massachusetts; New York; North Carolina; Washington, D.C.",2026-04-15,19,Engineering,Senior,Warehouse/Processing,Platform / Infra,"[""Platform / Infra""]",ENGINEERING,"[""ENGINEERING"", ""MANAGEMENT""]",3.9,1.0,yes,2026-04-16,2026-05-04,,AI Analyst
Databricks,Lead Solutions Architect,https://databricks.com/company/careers/open-positions/job?gh_jid=8480815002,"Munich, Germany",2026-03-26,39,Engineering,Senior,Warehouse/Processing,Platform / Infra,"[""Platform / Infra""]",ENGINEERING,"[""ENGINEERING"", ""MANAGEMENT""]",3.9,1.0,yes,2026-03-26,2026-05-04,,AI Analyst
Databricks,Lead Solutions Architect (Digital Natives Business),https://databricks.com/company/careers/open-positions/job?gh_jid=8403943002,"London, United Kingdom",2026-02-25,68,Engineering,Senior,Warehouse/Processing,Platform / Infra,"[""Platform / Infra""]",ENGINEERING,"[""ENGINEERING"", ""MANAGEMENT""]",3.9,1.0,yes,2026-03-26,2026-05-04,,AI Analyst
Databricks,Lead Solutions Architect (Pre-sales) – Public Sector,https://databricks.com/company/careers/open-positions/job?gh_jid=8437076002,"Tokyo, Japan",2026-03-06,59,Engineering,Senior,Warehouse/Processing,Platform / Infra,"[""Platform / Infra""]",ENGINEERING,"[""ENGINEERING"", ""MANAGEMENT"", ""ANALYTICS""]",2.8,1.0,yes,2026-03-26,2026-05-04,,AI Analyst
Databricks,Manager - Tech Solutions (Big Data / AI),https://databricks.com/company/careers/open-positions/job?gh_jid=8407895002,"Bengaluru, India",2026-02-28,65,Operations,Manager,Warehouse/Processing,Corporate Functions,"[""Corporate Functions""]",AI,"[""AI""]",3.9,2.0,yes,2026-03-26,2026-05-04,,AI Analyst
Databricks,"Manager, Engineering - AI/BI",https://databricks.com/company/careers/open-positions/job?gh_jid=8176503002,"Vancouver, Canada",2026-02-25,68,Engineering,Manager,Warehouse/Processing,Analytics / BI,"[""Analytics / BI""]",AI,"[""AI""]",3.9,2.0,yes,2026-03-26,2026-05-04,,AI Analyst
Databricks,Named Enterprise Account Executive - Retail/CPG,https://databricks.com/company/careers/open-positions/job?gh_jid=8505897002,"Atlanta, Georgia; Dallas, Texas; New York; Philadelphia, Pennsylvania; Virginia; Washington, D.C.",2026-04-17,17,Sales,Mid,Warehouse/Processing,Go-to-Market,"[""Go-to-Market""]",,[],2.4,2.0,yes,2026-04-18,2026-05-04,,AI Analyst
Milvus,Enterprise Account Executive,https://jobs.lever.co/zilliz/8144e236-2836-4980-92cf-b6501ce0f81c,Tokyo,2025-10-27,189,Sales,Mid,Other,Go-to-Market,"[""Go-to-Market""]",,[],0.4,0.0,,2026-04-08,2026-05-04,,VectorAI
Milvus,Enterprise Account Executive,https://jobs.lever.co/zilliz/4339166e-d342-4058-a4fe-4faaf97454ad,Austin,2026-04-14,20,Sales,Mid,Other,Go-to-Market,"[""Go-to-Market""]",,[],1.6,0.0,,2026-04-15,2026-05-04,,VectorAI
Milvus,Enterprise Account Executive - EU (UK),https://jobs.lever.co/zilliz/45c1ddc1-9797-411f-a672-52f4cace3449,London,2025-05-15,354,Sales,Mid,Other,Go-to-Market,"[""Go-to-Market""]",,[],1.6,0.0,,2026-04-08,2026-05-04,,VectorAI
Milvus,Enterprise Account Executive - New York,https://jobs.lever.co/zilliz/f9a2360d-f610-4fa7-8fa0-594a1cbf7ed3,New York,2025-10-20,196,Sales,Mid,Other,Go-to-Market,"[""Go-to-Market""]",,[],1.6,0.0,,2026-04-08,2026-05-04,,VectorAI
Milvus,Enterprise Account Executive - South Korea,https://jobs.lever.co/zilliz/a72bb831-5bd7-4ac4-b158-100be65185c5,Seoul,2026-04-13,21,Sales,Mid,Other,Go-to-Market,"[""Go-to-Market""]",,[],0.4,0.0,,2026-04-14,2026-05-04,,VectorAI
Milvus,Senior Site Reliability Engineer Cloud Platform,https://jobs.lever.co/zilliz/7f796a0b-c1a5-4011-9e28-1cf9384e4c49,Redwood City,2025-05-15,354,Engineering,Senior,Other,Data Observability,"[""Data Observability""]",ENGINEERING,"[""ENGINEERING"", ""DEVOPS"", ""ANALYTICS"", ""SQL""]",5.3,1.0,,2026-04-08,2026-05-04,,VectorAI
Milvus,Solutions Architect,https://jobs.lever.co/zilliz/92bf6649-1fc2-4614-a463-304114d82499,Tokyo,2026-01-04,120,Engineering,Mid,Other,Platform / Infra,"[""Platform / Infra""]",ENGINEERING,"[""ENGINEERING""]",1.6,0.0,,2026-04-08,2026-05-04,,VectorAI
Milvus,"Staff Software Engineer, Database Systems",https://jobs.lever.co/zilliz/02848077-ca83-461e-87cd-e8b95d7f0c51,Redwood City,2025-05-15,354,Engineering,Principal/Staff,Other,Database / Storage,"[""Database / Storage""]",ENGINEERING,"[""ENGINEERING"", ""PYTHON"", ""SQL""]",3.1,1.0,,2026-04-08,2026-05-04,,VectorAI
Pinecone,Commercial Account Executive,https://jobs.ashbyhq.com/pinecone/00e1245d-86d2-459b-af29-6203f7680e17,New York City,2026-04-10,24,Sales,Mid,Vector DB / AI,Go-to-Market,"[""Go-to-Market""]",,[],1.6,0.0,,2026-04-11,2026-05-04,,VectorAI
Pinecone,"Principal Product Manager, Database",https://jobs.ashbyhq.com/pinecone/7261adcb-026d-4552-8f89-7a46156c40c5,New York City,2025-12-09,146,Engineering,Principal/Staff,Vector DB / AI,Database / Storage,"[""Database / Storage""]",PRODUCT,"[""PRODUCT"", ""SQL"", ""MANAGEMENT""]",4.2,1.0,,2026-03-26,2026-05-04,,VectorAI
Pinecone,"Principal Product Manager, Knowledge",https://jobs.ashbyhq.com/pinecone/24f9a4e3-472d-4e63-908c-2653c0d8b612,New York City,2026-02-10,83,Product Management,Principal/Staff,Vector DB / AI,Product Management,"[""Product Management""]",PRODUCT,"[""PRODUCT"", ""MANAGEMENT""]",2.5,1.0,,2026-03-26,2026-05-04,,VectorAI
Pinecone,"Senior/Staff Software Engineer, Database Team",https://jobs.ashbyhq.com/pinecone/4ef4269b-94c4-4c7c-93ee-15a882caa767,New York City,2026-03-11,54,Engineering,Principal/Staff,Vector DB / AI,Database / Storage,"[""Database / Storage""]",ENGINEERING,"[""ENGINEERING"", ""PYTHON"", ""SQL""]",4.2,1.0,,2026-03-26,2026-05-04,,VectorAI
Pinecone,"Senior/Staff Software Engineer, Experience Platform",https://jobs.ashbyhq.com/pinecone/773e953d-8f53-4313-93b4-35a553bad1cb,US Remote,2026-03-25,40,Engineering,Principal/Staff,Vector DB / AI,Platform / Infra,"[""Platform / Infra""]",ENGINEERING,"[""ENGINEERING"", ""DEVOPS"", ""PYTHON"", ""SQL""]",5.3,1.0,,2026-03-26,2026-05-04,,VectorAI
Pinecone,"Senior/Staff Software Engineer, Search & Retrieval Infrastructure",https://jobs.ashbyhq.com/pinecone/7ef089cb-a721-4ad8-a6d0-c390e64991d2,US Remote,2026-03-23,42,Engineering,Principal/Staff,Vector DB / AI,Vector / AI,"[""Vector / AI""]",ENGINEERING,"[""ENGINEERING"", ""DEVOPS"", ""PYTHON"", ""SQL""]",6.9,1.0,,2026-03-26,2026-05-04,,VectorAI
Pinecone,"Senior/Staff Software Engineer, Search & Retrieval Infrastructure",https://jobs.ashbyhq.com/pinecone/499ce77a-7ed0-462e-9efb-3e7dad6cd5ad,Tel Aviv,2026-04-28,6,Engineering,Principal/Staff,Vector DB / AI,Vector / AI,"[""Vector / AI""]",ENGINEERING,"[""ENGINEERING"", ""DEVOPS"", ""PYTHON"", ""SQL""]",5.8,1.0,,2026-04-29,2026-05-04,Dept: R&D,VectorAI
Pinecone,Staff Developer Advocate,https://jobs.ashbyhq.com/pinecone/4433b308-1ff4-4b5f-9184-810e5d9844f6,San Francisco,2026-01-06,118,Engineering,Principal/Staff,Vector DB / AI,Developer Tools,"[""Developer Tools""]",ENGINEERING,"[""ENGINEERING""]",2.5,1.0,,2026-03-26,2026-05-04,,VectorAI
Snowflake,AI Deployment Specialist,https://jobs.ashbyhq.com/snowflake/6721e39d-42d7-4835-8066-2cd03870b88e,US,2026-02-25,68,Operations,Mid,Warehouse/Processing,ML/AI infra,"[""ML/AI infra""]",AI,"[""AI"", ""ML"", ""PYTHON"", ""SQL""]",6.3,2.0,yes,2026-04-18,2026-05-04,,AI Analyst
Snowflake,AI Product Sales Specialist,https://jobs.ashbyhq.com/snowflake/96f0e865-419d-42b9-b64c-27e22a3d9424,"Tokyo, Japan",2025-12-22,133,Sales,Mid,Warehouse/Processing,ML/AI infra,"[""ML/AI infra""]",AI,"[""AI""]",3.5,2.0,yes,2026-03-26,2026-05-04,,AI Analyst
Snowflake,AI Solution Specialist,https://jobs.ashbyhq.com/snowflake/c28d684b-c8e8-4a4c-b3e6-76c931728e21,US,2026-03-05,60,Operations,Mid,Warehouse/Processing,ML/AI infra,"[""ML/AI infra""]",AI,"[""AI"", ""ML"", ""PYTHON"", ""SQL""]",6.3,2.0,yes,2026-04-08,2026-05-04,,AI Analyst
Snowflake,Developer Associate - Cortex Code Enablement,https://jobs.ashbyhq.com/snowflake/0675599f-3475-4706-ab37-925bc34aebe0,US-CA-Menlo Park,2026-03-11,54,Engineering,Entry,Warehouse/Processing,Platform / Infra,"[""Platform / Infra""]",ENGINEERING,"[""ENGINEERING""]",3.2,0.0,yes,2026-04-21,2026-05-04,,AI Analyst
Snowflake,Enterprise Account Executive,https://jobs.ashbyhq.com/snowflake/434adfa9-1a4a-41dd-a411-ff873f5ac328,PH-Philippines,2025-12-08,147,Sales,Mid,Warehouse/Processing,Go-to-Market,"[""Go-to-Market""]",,[],1.3,0.0,yes,2026-04-08,2026-05-04,,AI Analyst
Snowflake,"Manager, Solution Engineering",https://jobs.ashbyhq.com/snowflake/f9a4d508-4b13-4173-8af0-9d5564ba2d6d,GB-London,2026-04-21,13,Solution Engineering,Manager,Warehouse/Processing,Go-to-Market,"[""Go-to-Market""]",ENGINEERING,"[""ENGINEERING"", ""MANAGEMENT""]",2.8,0.0,yes,2026-05-02,2026-05-04,Dept: Solution Engineering,AI Analyst
Snowflake,Principal AL/ML Solution Engineer,https://jobs.ashbyhq.com/snowflake/a1bfc0a2-3c97-4395-902b-bfc6e4869bf9,US-NY-New York City,2026-03-26,39,Engineering,Principal/Staff,Warehouse/Processing,ML/AI infra,"[""ML/AI infra""]",ML,"[""ML""]",5.6,3.0,yes,2026-03-26,2026-05-04,,AI Analyst
Snowflake,"Principal Product Manager, Enterprise Data & AI",https://jobs.ashbyhq.com/snowflake/2c4b3726-7738-4f94-b81f-9a1dfb24143e,US-CA-Menlo Park,2026-03-31,34,Product Management,Principal/Staff,Warehouse/Processing,Product Management,"[""Product Management""]",PRODUCT,"[""PRODUCT"", ""AI"", ""ML"", ""PYTHON"", ""SQL"", ""MANAGEMENT""]",6.1,3.0,yes,2026-04-16,2026-05-04,,AI Analyst
Snowflake,Principal Software Engineer - AI Poland,https://jobs.ashbyhq.com/snowflake/cac27b18-bd24-4722-8bb7-0b5ce7b18eaf,PL-Warsaw,2026-04-01,33,Engineering,Principal/Staff,Warehouse/Processing,ML/AI infra,"[""ML/AI infra""]",AI,"[""AI"", ""ENGINEERING"", ""PYTHON"", ""ML"", ""SQL""]",6.1,3.0,yes,2026-04-02,2026-05-04,,AI Analyst
Snowflake,Principal Software Engineer - Snowflake Intelligence,https://jobs.ashbyhq.com/snowflake/a9b4dab9-0b27-47b0-b0fb-2d83c5742717,US-CA-Menlo Park,2026-02-26,67,Engineering,Principal/Staff,Warehouse/Processing,Platform / Infra,"[""Platform / Infra""]",SNOWFLAKE,"[""SNOWFLAKE""]",6.1,1.0,yes,2026-03-26,2026-05-04,,AI Analyst
Snowflake,Principal Software Engineer I,https://jobs.ashbyhq.com/snowflake/e2739aab-b0a2-4583-92c1-13bbd4fd9672,US-CA-Menlo Park,2026-03-23,42,Engineering,Principal/Staff,Warehouse/Processing,Platform / Infra,"[""Platform / Infra""]",ENGINEERING,"[""ENGINEERING"", ""PYTHON"", ""SQL""]",6.1,1.0,yes,2026-03-26,2026-05-04,,AI Analyst
Snowflake,Principal Software Engineer I - Snowhouse Foundation,https://jobs.ashbyhq.com/snowflake/7657edf1-2646-4a37-b178-2807cd7dd5e5,US-CA-Menlo Park,2026-02-26,67,Engineering,Principal/Staff,Warehouse/Processing,Platform / Infra,"[""Platform / Infra""]",ENGINEERING,"[""ENGINEERING"", ""PYTHON"", ""SQL""]",6.1,1.0,yes,2026-03-26,2026-05-04,,AI Analyst
Snowflake,Principal Solution Engineer,https://jobs.ashbyhq.com/snowflake/e7c12d6b-efbe-4c6f-bb13-cc50dabc877d,"Sydney, Australia",2025-12-05,150,Engineering,Principal/Staff,Warehouse/Processing,Platform / Infra,"[""Platform / Infra""]",ENGINEERING,"[""ENGINEERING""]",4.4,1.0,yes,2026-03-26,2026-05-04,,AI Analyst
Snowflake,Principal Solution Engineer,https://jobs.ashbyhq.com/snowflake/d8d770f6-207b-4f75-bcd0-dc66358e613c,AU-Melbourne,2025-12-05,150,Engineering,Principal/Staff,Warehouse/Processing,Platform / Infra,"[""Platform / Infra""]",ENGINEERING,"[""ENGINEERING""]",3.3,1.0,yes,2026-03-26,2026-05-04,,AI Analyst
Snowflake,Research Intern (AI) - 2026,https://jobs.ashbyhq.com/snowflake/e2412cd5-19dd-44f8-addd-c9ef3c99ff82,PL-Warsaw,2025-11-26,159,Engineering,Intern,Warehouse/Processing,Platform / Infra,"[""Platform / Infra""]",AI,"[""AI""]",3.1,2.0,yes,2026-03-26,2026-05-04,,AI Analyst
Snowflake,"Senior AI/ML Architect, Applied Field Engineering",https://jobs.ashbyhq.com/snowflake/6de9c390-d879-444d-b90b-9c6a33a1fb96,US-WA-Seattle,2026-03-02,63,Engineering,Senior,Warehouse/Processing,ML/AI infra,"[""ML/AI infra""]",AI,"[""AI"", ""ML"", ""ENGINEERING"", ""PYTHON"", ""SQL""]",6.7,3.0,yes,2026-04-08,2026-05-04,,AI Analyst
Snowflake,"Senior Analytics Architect, Applied Field Engineer",https://jobs.ashbyhq.com/snowflake/251af11d-4cd3-4c51-9b12-3df73fd653b0,US-WA-Bellevue,2026-02-13,80,Engineering,Senior,Warehouse/Processing,Analytics / BI,"[""Analytics / BI""]",ANALYTICS,"[""ANALYTICS"", ""ENGINEERING"", ""SQL""]",4.4,1.0,yes,2026-03-26,2026-05-04,,AI Analyst
Snowflake,Senior Data Scientist,https://jobs.ashbyhq.com/snowflake/b9b85c1d-0760-4e28-9dfe-41724c8335a1,US-CA-Menlo Park,2025-08-27,250,AI/ML & Vector,Senior,Warehouse/Processing,ML/AI infra,"[""ML/AI infra""]",ML,"[""ML"", ""AI"", ""PYTHON"", ""SQL""]",6.7,1.0,yes,2026-03-26,2026-05-04,,AI Analyst
Snowflake,Senior Engineering Manager - Query Execution Platform,https://jobs.ashbyhq.com/snowflake/247840b3-4332-45ce-9ade-0424a0f27290,DE-Berlin-Trion Building,2025-05-06,363,Engineering,Senior,Warehouse/Processing,Platform / Infra,"[""Platform / Infra""]",ENGINEERING,"[""ENGINEERING"", ""DEVOPS"", ""MANAGEMENT""]",3.9,1.0,yes,2026-03-26,2026-05-04,,AI Analyst
Snowflake,Senior Engineering Manager - SnowConvert AI,https://jobs.ashbyhq.com/snowflake/f6d40ad9-da07-477e-8f4f-e29e67e65f6b,US-CA-Menlo Park,2026-03-15,50,Engineering,Senior,Warehouse/Processing,Platform / Infra,"[""Platform / Infra""]",AI,"[""AI""]",5.0,3.0,yes,2026-03-26,2026-05-04,,AI Analyst
Snowflake,Senior Principal Engineer - Front End,https://jobs.ashbyhq.com/snowflake/4ed363e0-cdb3-44ab-bdd9-6e91e00ce660,US-CA-Menlo Park,2026-03-23,42,Engineering,Principal/Staff,Warehouse/Processing,Platform / Infra,"[""Platform / Infra""]",ENGINEERING,"[""ENGINEERING""]",4.4,1.0,yes,2026-03-26,2026-05-04,,AI Analyst
Snowflake,Senior Product Manager,https://jobs.ashbyhq.com/snowflake/30604dd0-8980-4e18-bc15-53e9ef14e50f,US-CA-Menlo Park,2026-02-28,65,Product Management,Senior,Warehouse/Processing,Product Management,"[""Product Management""]",PRODUCT,"[""PRODUCT"", ""MANAGEMENT""]",2.8,1.0,yes,2026-04-08,2026-05-04,,AI Analyst
Snowflake,Senior Product Manager - Applied AI,https://jobs.ashbyhq.com/snowflake/1a256781-b5b6-44e7-b138-253d16031605,US-CA-Menlo Park,2026-03-02,63,Product Management,Senior,Warehouse/Processing,Product Management,"[""Product Management""]",PRODUCT,"[""PRODUCT"", ""AI"", ""ML"", ""PYTHON"", ""SQL"", ""MANAGEMENT""]",5.6,3.0,yes,2026-03-26,2026-05-04,,AI Analyst
Snowflake,Senior Product Manager - Cortex Platform,https://jobs.ashbyhq.com/snowflake/4a5057a2-9cbd-4450-aa37-f230bdf89bfd,US-CA-Menlo Park,2026-03-11,54,Product Management,Senior,Warehouse/Processing,Platform / Infra,"[""Platform / Infra""]",PRODUCT,"[""PRODUCT"", ""DEVOPS"", ""MANAGEMENT""]",3.9,1.0,yes,2026-04-29,2026-05-04,Dept: Product Management,AI Analyst
Snowflake,Senior Product Manager - Snowflake Intelligence,https://jobs.ashbyhq.com/snowflake/f8ebbc32-0de0-4893-8c41-277131cd9806,US-CA-Menlo Park,2026-02-27,66,Product Management,Senior,Warehouse/Processing,Product Management,"[""Product Management""]",PRODUCT,"[""PRODUCT"", ""SNOWFLAKE"", ""ETL"", ""SQL"", ""PYTHON"", ""MANAGEMENT""]",7.8,1.0,yes,2026-03-26,2026-05-04,,AI Analyst
Snowflake,"Senior Product Manager, Observe by Snowflake",https://jobs.ashbyhq.com/snowflake/1e66256e-aa85-4eba-9312-fbcccffc1f52,US-CA-Menlo Park,2026-03-18,47,Product Management,Senior,Warehouse/Processing,Product Management,"[""Product Management""]",PRODUCT,"[""PRODUCT"", ""SNOWFLAKE"", ""ETL"", ""SQL"", ""PYTHON"", ""MANAGEMENT""]",7.8,1.0,yes,2026-05-01,2026-05-04,Dept: Product Management,AI Analyst
Snowflake,Senior Product Marketing Manager,https://jobs.ashbyhq.com/snowflake/2e734c93-182e-4430-9393-e28ed5c1e71f,US-CA-Menlo Park,2026-01-22,102,Product Management,Senior,Warehouse/Processing,Product Management,"[""Product Management""]",PRODUCT,"[""PRODUCT"", ""MANAGEMENT""]",2.8,1.0,yes,2026-03-26,2026-05-04,,AI Analyst
Snowflake,Senior Solution Engineer,https://jobs.ashbyhq.com/snowflake/4d509673-07d6-471c-9b1a-1625863f9224,IL-Tel Aviv-MSO,2026-01-05,119,Engineering,Senior,Warehouse/Processing,Platform / Infra,"[""Platform / Infra""]",ENGINEERING,"[""ENGINEERING""]",2.8,1.0,yes,2026-03-26,2026-05-04,,AI Analyst
Snowflake,Senior Solution Engineer,https://jobs.ashbyhq.com/snowflake/c8502ac3-8866-4cfa-89c5-fb50044aea85,US-CA,2025-10-03,213,Engineering,Senior,Warehouse/Processing,Platform / Infra,"[""Platform / Infra""]",ENGINEERING,"[""ENGINEERING""]",3.9,1.0,yes,2026-03-26,2026-05-04,,AI Analyst
Snowflake,Senior Solution Engineer,https://jobs.ashbyhq.com/snowflake/573478dd-de1f-4d6f-89f5-4d5fdc712ee3,AU-Sydney,2026-04-01,33,Engineering,Senior,Warehouse/Processing,Platform / Infra,"[""Platform / Infra""]",ENGINEERING,"[""ENGINEERING""]",3.9,1.0,yes,2026-04-07,2026-05-04,,AI Analyst
Snowflake,Senior UX Designer,https://jobs.ashbyhq.com/snowflake/53777cce-92ea-47dd-b9d3-7dc4c8db26ec,US-CA-Menlo Park,2026-04-17,17,Design,Senior,Warehouse/Processing,Product Management,"[""Product Management""]",UX,"[""UX""]",2.8,1.0,yes,2026-04-24,2026-05-04,Dept: Product Management,AI Analyst
Snowflake,Software Engineer Intern (AI/ML) - 2026,https://jobs.ashbyhq.com/snowflake/897e1850-c590-4462-b187-0516b65b2034,PL-Warsaw,2025-11-26,159,Engineering,Intern,Warehouse/Processing,Platform / Infra,"[""Platform / Infra""]",AI,"[""AI"", ""ML""]",3.1,2.0,yes,2026-03-26,2026-05-04,,AI Analyst
Snowflake,Solution Engineer,https://jobs.ashbyhq.com/snowflake/a81cd092-6af1-499a-b269-c417ecce7e1e,US-MD,2026-04-21,13,Engineering,Mid,Warehouse/Processing,Platform / Infra,"[""Platform / Infra""]",ENGINEERING,"[""ENGINEERING""]",3.5,0.0,yes,2026-04-08,2026-05-04,,AI Analyst
Snowflake,Solution Engineer,https://jobs.ashbyhq.com/snowflake/a6e3fdf0-c1ca-46cb-8123-052df4fc8d14,CA-Ontario-Toronto,2026-01-28,96,Engineering,Mid,Warehouse/Processing,Platform / Infra,"[""Platform / Infra""]",ENGINEERING,"[""ENGINEERING""]",3.5,0.0,yes,2026-04-02,2026-05-04,,AI Analyst
Snowflake,Solution Engineer,https://jobs.ashbyhq.com/snowflake/36aacacd-c077-4393-8a5c-d81182ad4672,CA-Ontario-Toronto,2026-01-28,96,Engineering,Mid,Warehouse/Processing,Platform / Infra,"[""Platform / Infra""]",ENGINEERING,"[""ENGINEERING""]",3.5,0.0,yes,2026-04-09,2026-05-04,,AI Analyst
Snowflake,Solution Engineer - Data Engineering Specialist,https://jobs.ashbyhq.com/snowflake/0f0e6358-f3a8-453f-98cb-3d44fcfcb1fd,US,2026-04-23,11,Solution Engineering,Mid,Warehouse/Processing,Go-to-Market,"[""Go-to-Market""]",ENGINEERING,"[""ENGINEERING"", ""ETL"", ""SQL"", ""PYTHON""]",5.7,0.0,yes,2026-04-08,2026-05-04,Dept: Solution Engineering,AI Analyst
Snowflake,Solutions Architect,https://jobs.ashbyhq.com/snowflake/440ec976-a307-4575-abab-554aef8151a4,IL-Israel,2026-03-09,56,Engineering,Mid,Warehouse/Processing,Platform / Infra,"[""Platform / Infra""]",ENGINEERING,"[""ENGINEERING""]",2.4,0.0,yes,2026-03-26,2026-05-04,,AI Analyst
Snowflake,Solutions Engineer,https://jobs.ashbyhq.com/snowflake/da8298e6-c9e1-4d12-8af2-2405ba766602,MX-Mexico,2026-01-20,104,Engineering,Mid,Warehouse/Processing,Platform / Infra,"[""Platform / Infra""]",ENGINEERING,"[""ENGINEERING""]",2.4,0.0,yes,2026-03-26,2026-05-04,,AI Analyst
Snowflake,Staff Software Engineer - AI Developer Tooling,https://jobs.ashbyhq.com/snowflake/a6292a81-7cf7-4e29-bb77-f7d0935e7bdb,US-WA-Bellevue,2026-04-08,26,Engineering,Principal/Staff,Warehouse/Processing,ML/AI infra,"[""ML/AI infra""]",AI,"[""AI"", ""ENGINEERING"", ""PYTHON"", ""ML"", ""SQL""]",7.2,3.0,yes,2026-04-29,2026-05-04,Dept: Engineering,AI Analyst
